	num_segments	duration_seconds	num_words
count	2563.0	2563.0	2563.0
mean	74.79047990635974	287.4373780725712	870.0241904018728
std	54.57295887741575	189.58519441230516	562.7957203406933
min	1.0	0.0	1.0
25%	43.0	174.5	513.0
50%	70.0	279.0	849.0
75%	97.0	373.5	1155.5
max	825.0	2424.0	6537.0
